001a.jpg,001b.jpg
002a.jpg,002b.jpg
003a.jpg,003b.jpg
004a.jpg,004b.jpg
005a.jpg,005b.jpg
006a.jpg,006b.jpg
007a.jpg,007b.jpg
008a.jpg,008b.jpg
009a.jpg,009b.jpg
010a.jpg,010b.jpg
011a.jpg,011b.jpg
012a.jpg,012b.jpg
013a.jpg,013b.jpg
014a.jpg,014b.jpg
015a.jpg,015b.jpg
016a.jpg,016b.jpg
017a.jpg,017b.jpg
018a.jpg,018b.jpg
019a.jpg,019b.jpg
020a.jpg,020b.jpg
021a.jpg,021b.jpg
022a.jpg,022b.jpg
023a.jpg,023b.jpg
024a.jpg,024b.jpg
025a.jpg,025b.jpg
026a.jpg,026b.jpg
027a.jpg,027b.jpg
028a.jpg,028b.jpg
029a.jpg,029b.jpg
030a.jpg,030b.jpg
031a.jpg,031b.jpg
032a.jpg,032b.jpg
033a.jpg,033b.jpg
034a.jpg,034b.jpg
035a.jpg,035b.jpg
036a.jpg,036b.jpg
037a.jpg,037b.jpg
038a.jpg,038b.jpg
039a.jpg,039b.jpg
040a.jpg,040b.jpg
041a.jpg,041b.jpg
042a.jpg,042b.jpg
043a.jpg,043b.jpg
044a.jpg,044b.jpg
045a.jpg,045b.jpg
046a.jpg,046b.jpg
047a.jpg,047b.jpg
048a.jpg,048b.jpg
049a.jpg,049b.jpg
050a.jpg,050b.jpg
051a.jpg,051b.jpg
052a.jpg,052b.jpg
053a.jpg,053b.jpg
054a.jpg,054b.jpg
055a.jpg,055b.jpg
056a.jpg,056b.jpg
057a.jpg,057b.jpg
058a.jpg,058b.jpg
059a.jpg,059b.jpg
060a.jpg,060b.jpg
061a.jpg,061b.jpg
062a.jpg,062b.jpg
063a.jpg,063b.jpg
064a.jpg,064b.jpg
065a.jpg,065b.jpg
066a.jpg,066b.jpg
067a.jpg,067b.jpg
068a.jpg,068b.jpg
069a.jpg,069b.jpg
070a.jpg,070b.jpg
071a.jpg,071b.jpg
072a.jpg,072b.jpg
073a.jpg,073b.jpg
074a.jpg,074b.jpg
075a.jpg,075b.jpg
076a.jpg,076b.jpg
077a.jpg,077b.jpg
078a.jpg,078b.jpg
079a.jpg,079b.jpg
080a.jpg,080b.jpg
081a.jpg,081b.jpg
082a.jpg,082b.jpg
083a.jpg,083b.jpg
084a.jpg,084b.jpg
085a.jpg,085b.jpg
086a.jpg,086b.jpg
087a.jpg,087b.jpg
088a.jpg,088b.jpg
089a.jpg,089b.jpg
090a.jpg,090b.jpg
